{"cameraMode":{"drawMode":0,"name":"Shaded","section":"Shading Mode"},"sceneLighting":true,"audioPlay":false,"sceneViewState":{"m_AlwaysRefresh":false,"showFog":true,"showSkybox":true,"showFlares":true,"showImageEffects":true,"showParticleSystems":true,"showVisualEffectGraphs":true,"m_FxEnabled":true},"in2DMode":false,"pivot":{"x":-10.321699142456055,"y":11.717690467834473,"z":-12.593120574951172},"rotation":{"x":-0.2315761297941208,"y":-0.3590383529663086,"z":0.09243413805961609,"w":-0.8994144797325134},"size":10.157042503356934,"orthographic":true}